result,signal,entry_time,exit_time,entry_price,exit_price,risk_points,reward_points,profit_points,rr,trade_duration,exit_reason,exit_index,sl,tp,lot_size,balance,profit,risk_amount
LOSS,SELL,2026-06-18 00:40:00,2026-06-18 02:25:00,64118.03,64454.75,336.72,673.44,-336.72,2.0,21,SL,223,64454.75,63444.59,0.3,9900.0,-100.0,100.0
WIN,SELL,2026-06-18 06:10:00,2026-06-18 07:05:00,64445.0,64091.64,176.68,353.36,353.36,2.0,11,TP,279,64621.68,64091.64,0.56,10098.0,198.0,99.0
LOSS,SELL,2026-06-18 07:10:00,2026-06-18 10:15:00,63856.0,64092.87,236.87,473.74,-236.87,2.0,37,SL,317,64092.87,63382.26,0.43,9997.02,-100.98,100.98
WIN,SELL,2026-06-18 12:35:00,2026-06-18 14:20:00,64212.0,63831.18,190.41,380.82,380.82,2.0,21,TP,366,64402.41,63831.18,0.53,10196.96,199.94,99.97
LOSS,SELL,2026-06-18 14:35:00,2026-06-18 15:25:00,63905.0,64117.96,212.96,425.93,-212.96,2.0,10,SL,379,64117.96,63479.07,0.48,10094.99,-101.97,101.97
LOSS,SELL,2026-06-18 16:40:00,2026-06-18 16:50:00,63793.5,64032.02,238.52,477.05,-238.52,2.0,2,SL,396,64032.02,63316.45,0.42,9994.04,-100.95,100.95
WIN,SELL,2026-06-18 16:55:00,2026-06-18 18:15:00,63895.5,63315.28,290.11,580.22,580.22,2.0,16,TP,413,64185.61,63315.28,0.34,10193.92,199.88,99.94
WIN,SELL,2026-06-18 18:20:00,2026-06-18 18:55:00,63253.0,62370.62,441.19,882.38,882.38,2.0,7,TP,421,63694.19,62370.62,0.23,10397.8,203.88,101.94
LOSS,SELL,2026-06-18 19:00:00,2026-06-18 23:00:00,62473.5,62969.15,495.65,991.3,-495.65,2.0,48,SL,470,62969.15,61482.2,0.21,10293.82,-103.98,103.98
LOSS,SELL,2026-06-19 00:50:00,2026-06-19 04:15:00,62814.0,63018.31,204.31,408.63,-204.31,2.0,41,SL,532,63018.31,62405.37,0.5,10190.88,-102.94,102.94
LOSS,SELL,2026-06-19 04:35:00,2026-06-19 05:00:00,62798.0,62981.34,183.34,366.67,-183.34,2.0,5,SL,541,62981.34,62431.33,0.56,10088.98,-101.91,101.91
WIN,SELL,2026-06-19 06:05:00,2026-06-19 06:15:00,62832.73,62499.5,166.62,333.23,333.23,2.0,2,TP,556,62999.35,62499.5,0.61,10290.75,201.78,100.89
LOSS,SELL,2026-06-19 06:30:00,2026-06-19 16:40:00,62659.0,62911.56,252.56,505.12,-252.56,2.0,122,SL,681,62911.56,62153.88,0.41,10187.85,-102.91,102.91
LOSS,BUY,2026-06-19 16:50:00,2026-06-19 19:55:00,63153.0,62863.89,289.11,578.22,-289.11,2.0,37,SL,720,62863.89,63731.22,0.35,10085.97,-101.88,101.88
WIN,BUY,2026-06-19 23:45:00,2026-06-20 02:55:00,63112.5,63446.85,167.17,334.35,334.35,2.0,14,TP,780,62945.33,63446.85,0.6,10287.69,201.72,100.86
LOSS,BUY,2026-06-20 03:00:00,2026-06-20 05:50:00,63435.5,63265.38,170.12,340.24,-170.12,2.0,34,SL,815,63265.38,63775.74,0.6,10184.81,-102.88,102.88
WIN,BUY,2026-06-20 06:45:00,2026-06-20 08:10:00,63435.5,63708.99,136.75,273.49,273.49,2.0,17,TP,843,63298.75,63708.99,0.74,10388.51,203.7,101.85
LOSS,BUY,2026-06-20 08:15:00,2026-06-20 11:00:00,63670.0,63502.52,167.48,334.96,-167.48,2.0,33,SL,877,63502.52,64004.96,0.62,10284.62,-103.89,103.89
LOSS,BUY,2026-06-20 12:40:00,2026-06-20 15:50:00,63625.5,63485.81,139.69,279.37,-139.69,2.0,38,SL,935,63485.81,63904.87,0.74,10181.78,-102.85,102.85
LOSS,SELL,2026-06-20 17:05:00,2026-06-20 17:30:00,63181.0,63353.69,172.69,345.37,-172.69,2.0,5,SL,955,63353.69,62835.63,0.59,10079.96,-101.82,101.82
WIN,BUY,2026-06-20 17:50:00,2026-06-21 06:20:00,63825.0,64359.49,267.25,534.49,534.49,2.0,143,TP,1102,63557.75,64359.49,0.38,10281.56,201.6,100.8
WIN,BUY,2026-06-21 06:25:00,2026-06-21 07:35:00,64268.0,64501.14,116.57,233.14,233.14,2.0,14,TP,1117,64151.43,64501.14,0.88,10487.19,205.63,102.82
LOSS,SELL,2026-06-21 11:45:00,2026-06-21 12:25:00,63863.0,63980.57,117.57,235.13,-117.57,2.0,8,SL,1175,63980.57,63627.87,0.89,10382.32,-104.87,104.87
LOSS,BUY,2026-06-21 13:00:00,2026-06-21 15:10:00,64135.0,63996.19,138.81,277.63,-138.81,2.0,26,SL,1208,63996.19,64412.63,0.75,10278.49,-103.82,103.82
LOSS,SELL,2026-06-21 16:30:00,2026-06-21 18:00:00,63956.0,64138.07,182.07,364.14,-182.07,2.0,18,SL,1242,64138.07,63591.86,0.56,10175.71,-102.78,102.78
LOSS,BUY,2026-06-21 18:25:00,2026-06-21 19:10:00,64172.0,64018.19,153.81,307.63,-153.81,2.0,9,SL,1256,64018.19,64479.63,0.66,10073.95,-101.76,101.76
LOSS,SELL,2026-06-21 20:35:00,2026-06-21 21:35:00,63992.0,64126.04,134.04,268.09,-134.04,2.0,12,SL,1285,64126.04,63723.91,0.75,9973.21,-100.74,100.74
LOSS,BUY,2026-06-21 22:10:00,2026-06-21 23:15:00,64128.0,63978.63,149.37,298.75,-149.37,2.0,13,SL,1305,63978.63,64426.75,0.67,9873.48,-99.73,99.73
WIN,SELL,2026-06-21 23:35:00,2026-06-21 23:45:00,63920.0,63648.73,135.63,271.27,271.27,2.0,2,TP,1311,64055.63,63648.73,0.73,10070.95,197.47,98.73
WIN,SELL,2026-06-21 23:50:00,2026-06-22 00:15:00,63757.5,63402.21,177.65,355.29,355.29,2.0,4,TP,1316,63935.15,63402.21,0.57,10272.37,201.42,100.71
LOSS,SELL,2026-06-22 00:25:00,2026-06-22 00:35:00,63594.27,63839.71,245.44,490.88,-245.44,2.0,2,SL,1320,63839.71,63103.39,0.42,10169.64,-102.72,102.72
WIN,SELL,2026-06-22 01:00:00,2026-06-22 02:45:00,63701.0,63187.28,256.86,513.72,513.72,2.0,21,TP,1346,63957.86,63187.28,0.4,10373.04,203.39,101.7
LOSS,SELL,2026-06-22 02:50:00,2026-06-22 03:05:00,63199.5,63463.96,264.46,528.92,-264.46,2.0,3,SL,1350,63463.96,62670.58,0.39,10269.31,-103.73,103.73
LOSS,BUY,2026-06-22 04:35:00,2026-06-22 06:00:00,64432.0,64036.77,395.23,790.46,-395.23,2.0,17,SL,1385,64036.77,65222.46,0.26,10166.61,-102.69,102.69
LOSS,BUY,2026-06-22 08:15:00,2026-06-22 09:30:00,64195.5,63968.56,226.94,453.88,-226.94,2.0,15,SL,1427,63968.56,64649.38,0.45,10064.95,-101.67,101.67
LOSS,BUY,2026-06-22 10:20:00,2026-06-22 11:35:00,64157.0,63956.68,200.32,400.64,-200.32,2.0,15,SL,1452,63956.68,64557.64,0.5,9964.3,-100.65,100.65
WIN,BUY,2026-06-22 14:05:00,2026-06-22 14:35:00,64255.0,64597.44,171.22,342.44,342.44,2.0,6,TP,1488,64083.78,64597.44,0.58,10163.58,199.29,99.64
WIN,BUY,2026-06-22 14:40:00,2026-06-22 15:35:00,64538.0,64999.84,230.92,461.84,461.84,2.0,11,TP,1500,64307.08,64999.84,0.44,10366.86,203.27,101.64
WIN,BUY,2026-06-22 15:40:00,2026-06-22 17:00:00,64982.5,65531.46,274.48,548.96,548.96,2.0,16,TP,1517,64708.02,65531.46,0.38,10574.19,207.34,103.67
LOSS,SELL,2026-06-22 22:05:00,2026-06-22 23:00:00,64246.0,64449.01,203.01,406.03,-203.01,2.0,11,SL,1589,64449.01,63839.97,0.52,10468.45,-105.74,105.74
WIN,SELL,2026-06-23 00:05:00,2026-06-23 01:25:00,64308.5,63956.79,175.86,351.71,351.71,2.0,16,TP,1617,64484.36,63956.79,0.6,10677.82,209.37,104.68
WIN,SELL,2026-06-23 01:30:00,2026-06-23 07:50:00,64053.5,63590.01,231.75,463.49,463.49,2.0,76,TP,1694,64285.25,63590.01,0.46,10891.38,213.56,106.78
WIN,SELL,2026-06-23 07:55:00,2026-06-23 09:05:00,63522.5,63186.03,168.24,336.47,336.47,2.0,14,TP,1709,63690.74,63186.03,0.65,11109.2,217.83,108.91
WIN,SELL,2026-06-23 09:10:00,2026-06-23 09:20:00,63121.0,62679.55,220.73,441.45,441.45,2.0,2,TP,1712,63341.73,62679.55,0.5,11331.39,222.18,111.09
LOSS,SELL,2026-06-23 09:25:00,2026-06-23 10:20:00,62683.0,62986.61,303.61,607.21,-303.61,2.0,11,SL,1724,62986.61,62075.79,0.37,11218.07,-113.31,113.31
WIN,SELL,2026-06-23 10:30:00,2026-06-23 11:15:00,62854.0,62364.34,244.83,489.66,489.66,2.0,9,TP,1735,63098.83,62364.34,0.46,11442.44,224.36,112.18
LOSS,SELL,2026-06-23 11:20:00,2026-06-23 13:00:00,62155.15,62468.79,313.64,627.28,-313.64,2.0,20,SL,1756,62468.79,61527.87,0.36,11328.01,-114.42,114.42
LOSS,SELL,2026-06-23 13:20:00,2026-06-23 14:30:00,62281.0,62503.55,222.55,445.1,-222.55,2.0,14,SL,1774,62503.55,61835.9,0.51,11214.73,-113.28,113.28
WIN,SELL,2026-06-23 15:30:00,2026-06-23 16:30:00,62250.0,61863.79,193.11,386.21,386.21,2.0,12,TP,1798,62443.11,61863.79,0.58,11439.03,224.29,112.15
LOSS,SELL,2026-06-23 18:15:00,2026-06-23 19:05:00,62160.0,62491.11,331.11,662.21,-331.11,2.0,10,SL,1829,62491.11,61497.79,0.35,11324.64,-114.39,114.39
LOSS,SELL,2026-06-23 20:55:00,2026-06-24 00:05:00,62262.5,62496.58,234.08,468.15,-234.08,2.0,37,SL,1888,62496.58,61794.35,0.48,11211.39,-113.25,113.25
LOSS,BUY,2026-06-24 03:20:00,2026-06-24 05:35:00,62753.5,62573.26,180.24,360.47,-180.24,2.0,27,SL,1954,62573.26,63113.97,0.62,11099.28,-112.11,112.11
LOSS,SELL,2026-06-24 06:10:00,2026-06-24 06:35:00,62490.5,62706.6,216.1,432.2,-216.1,2.0,5,SL,1966,62706.6,62058.3,0.51,10988.28,-110.99,110.99
LOSS,SELL,2026-06-24 07:05:00,2026-06-24 08:05:00,62538.9,62728.23,189.33,378.65,-189.33,2.0,12,SL,1984,62728.23,62160.25,0.58,10878.4,-109.88,109.88
LOSS,BUY,2026-06-24 08:20:00,2026-06-24 10:05:00,62773.0,62583.18,189.82,379.64,-189.82,2.0,21,SL,2008,62583.18,63152.64,0.57,10769.62,-108.78,108.78
WIN,SELL,2026-06-24 10:45:00,2026-06-24 14:05:00,62566.5,62215.8,175.35,350.7,350.7,2.0,40,TP,2056,62741.85,62215.8,0.61,10985.01,215.39,107.7
LOSS,SELL,2026-06-24 14:10:00,2026-06-24 14:35:00,62277.0,62442.52,165.52,331.05,-165.52,2.0,5,SL,2062,62442.52,61945.95,0.66,10875.16,-109.85,109.85
LOSS,BUY,2026-06-24 15:25:00,2026-06-24 15:55:00,62724.5,62482.26,242.24,484.49,-242.24,2.0,6,SL,2078,62482.26,63208.99,0.45,10766.41,-108.75,108.75
WIN,SELL,2026-06-24 16:00:00,2026-06-24 16:20:00,62288.5,61771.16,258.67,517.34,517.34,2.0,4,TP,2083,62547.17,61771.16,0.42,10981.73,215.33,107.66
WIN,SELL,2026-06-24 16:25:00,2026-06-24 17:10:00,61742.32,61028.21,357.06,714.11,714.11,2.0,9,TP,2093,62099.38,61028.21,0.31,11201.37,219.63,109.82
WIN,SELL,2026-06-24 17:15:00,2026-06-24 19:45:00,60895.5,59930.32,482.59,965.18,965.18,2.0,30,TP,2124,61378.09,59930.32,0.23,11425.4,224.03,112.01
LOSS,SELL,2026-06-24 19:50:00,2026-06-24 23:05:00,59792.5,60222.55,430.05,860.1,-430.05,2.0,39,SL,2164,60222.55,58932.4,0.27,11311.14,-114.25,114.25
LOSS,SELL,2026-06-25 03:40:00,2026-06-25 07:45:00,60731.0,60957.4,226.4,452.8,-226.4,2.0,49,SL,2267,60957.4,60278.2,0.5,11198.03,-113.11,113.11
LOSS,BUY,2026-06-25 08:05:00,2026-06-25 13:40:00,61574.0,61308.9,265.1,530.2,-265.1,2.0,67,SL,2338,61308.9,62104.2,0.42,11086.05,-111.98,111.98
LOSS,SELL,2026-06-25 14:50:00,2026-06-25 15:30:00,61054.0,61281.31,227.31,454.62,-227.31,2.0,8,SL,2360,61281.31,60599.38,0.49,10975.19,-110.86,110.86
WIN,SELL,2026-06-25 16:05:00,2026-06-25 16:40:00,61114.0,60534.95,289.53,579.05,579.05,2.0,7,TP,2374,61403.53,60534.95,0.38,11194.69,219.5,109.75
WIN,SELL,2026-06-25 16:45:00,2026-06-25 16:55:00,59401.54,58347.47,527.04,1054.07,1054.07,2.0,2,TP,2377,59928.58,58347.47,0.21,11418.59,223.89,111.95
LOSS,SELL,2026-06-25 17:00:00,2026-06-25 17:10:00,58814.49,59572.08,757.59,1515.18,-757.59,2.0,2,SL,2380,59572.08,57299.31,0.15,11304.4,-114.19,114.19
LOSS,SELL,2026-06-25 17:15:00,2026-06-25 17:30:00,59118.46,59956.81,838.35,1676.7,-838.35,2.0,3,SL,2384,59956.81,57441.76,0.13,11191.36,-113.04,113.04
LOSS,SELL,2026-06-25 17:40:00,2026-06-26 09:40:00,59384.86,60308.71,923.85,1847.71,-923.85,2.0,191,SL,2577,60308.71,57537.15,0.12,11079.44,-111.91,111.91
LOSS,BUY,2026-06-26 09:45:00,2026-06-26 12:40:00,60232.0,59865.9,366.1,732.19,-366.1,2.0,35,SL,2613,59865.9,60964.19,0.3,10968.65,-110.79,110.79
WIN,SELL,2026-06-26 13:20:00,2026-06-26 15:40:00,59642.0,59090.59,275.7,551.41,551.41,2.0,28,TP,2649,59917.7,59090.59,0.4,11188.02,219.37,109.69
LOSS,SELL,2026-06-26 15:45:00,2026-06-26 16:50:00,59118.0,59572.85,454.85,909.69,-454.85,2.0,13,SL,2663,59572.85,58208.31,0.25,11076.14,-111.88,111.88
LOSS,BUY,2026-06-26 18:25:00,2026-06-26 21:50:00,60092.5,59516.6,575.9,1151.8,-575.9,2.0,41,SL,2723,59516.6,61244.3,0.19,10965.38,-110.76,110.76
LOSS,SELL,2026-06-26 23:05:00,2026-06-27 02:00:00,59593.5,59894.14,300.64,601.27,-300.64,2.0,11,SL,2749,59894.14,58992.23,0.36,10855.73,-109.65,109.65
WIN,BUY,2026-06-27 02:20:00,2026-06-27 16:35:00,59948.33,60469.65,260.66,521.32,521.32,2.0,171,TP,2924,59687.67,60469.65,0.42,11072.84,217.11,108.56
WIN,BUY,2026-06-27 16:40:00,2026-06-27 18:10:00,60490.5,60766.49,137.99,275.99,275.99,2.0,18,TP,2943,60352.51,60766.49,0.8,11294.3,221.46,110.73
LOSS,BUY,2026-06-27 18:15:00,2026-06-27 20:00:00,60642.0,60465.89,176.11,352.23,-176.11,2.0,21,SL,2965,60465.89,60994.23,0.64,11181.36,-112.94,112.94
LOSS,SELL,2026-06-27 22:45:00,2026-06-28 00:05:00,60108.0,60286.55,178.55,357.1,-178.55,2.0,15,SL,3013,60286.55,59750.9,0.63,11069.54,-111.81,111.81
WIN,SELL,2026-06-28 00:45:00,2026-06-28 01:15:00,60154.68,59866.35,144.16,288.33,288.33,2.0,6,TP,3027,60298.84,59866.35,0.77,11290.93,221.39,110.7
LOSS,SELL,2026-06-28 01:20:00,2026-06-28 01:35:00,59952.05,60141.05,189.0,378.0,-189.0,2.0,3,SL,3031,60141.05,59574.05,0.6,11178.02,-112.91,112.91
LOSS,SELL,2026-06-28 02:10:00,2026-06-28 04:25:00,59928.0,60122.79,194.79,389.59,-194.79,2.0,21,SL,3059,60122.79,59538.41,0.57,11066.24,-111.78,111.78
WIN,SELL,2026-06-28 07:30:00,2026-06-28 08:25:00,60029.5,59787.92,120.79,241.58,241.58,2.0,11,TP,3107,60150.29,59787.92,0.92,11287.57,221.32,110.66
LOSS,SELL,2026-06-28 08:30:00,2026-06-28 10:00:00,59833.0,60005.26,172.26,344.53,-172.26,2.0,18,SL,3126,60005.26,59488.47,0.66,11174.69,-112.88,112.88
LOSS,BUY,2026-06-28 11:40:00,2026-06-28 12:50:00,60350.5,60185.33,165.17,330.33,-165.17,2.0,14,SL,3160,60185.33,60680.83,0.68,11062.95,-111.75,111.75
LOSS,SELL,2026-06-28 14:05:00,2026-06-28 14:20:00,60046.0,60192.62,146.62,293.24,-146.62,2.0,3,SL,3178,60192.62,59752.76,0.75,10952.32,-110.63,110.63
LOSS,BUY,2026-06-28 14:30:00,2026-06-28 16:00:00,60228.99,60080.51,148.48,296.97,-148.48,2.0,18,SL,3198,60080.51,60525.96,0.74,10842.79,-109.52,109.52
WIN,SELL,2026-06-28 16:15:00,2026-06-28 19:25:00,59996.0,59610.51,192.74,385.49,385.49,2.0,38,TP,3239,60188.74,59610.51,0.56,11059.65,216.86,108.43
LOSS,SELL,2026-06-28 19:30:00,2026-06-29 01:00:00,59558.5,59791.47,232.97,465.95,-232.97,2.0,65,SL,3305,59791.47,59092.55,0.47,10949.05,-110.6,110.6
LOSS,SELL,2026-06-29 01:15:00,2026-06-29 02:30:00,59250.5,59549.68,299.18,598.36,-299.18,2.0,15,SL,3323,59549.68,58652.14,0.37,10839.56,-109.49,109.49
LOSS,SELL,2026-06-29 03:25:00,2026-06-29 03:55:00,59100.0,59469.29,369.29,738.59,-369.29,2.0,6,SL,3340,59469.29,58361.41,0.29,10731.17,-108.4,108.4
LOSS,SELL,2026-06-29 04:30:00,2026-06-29 05:35:00,59141.5,59528.09,386.59,773.17,-386.59,2.0,13,SL,3360,59528.09,58368.33,0.28,10623.86,-107.31,107.31
LOSS,BUY,2026-06-29 06:25:00,2026-06-29 07:35:00,60055.0,59702.6,352.4,704.8,-352.4,2.0,14,SL,3384,59702.6,60759.8,0.3,10517.62,-106.24,106.24
LOSS,BUY,2026-06-29 08:50:00,2026-06-29 15:00:00,59883.5,59603.7,279.8,559.6,-279.8,2.0,74,SL,3473,59603.7,60443.1,0.38,10412.44,-105.18,105.18
LOSS,BUY,2026-06-29 15:05:00,2026-06-29 15:35:00,60384.0,60022.68,361.32,722.63,-361.32,2.0,6,SL,3480,60022.68,61106.63,0.29,10308.32,-104.12,104.12
LOSS,BUY,2026-06-29 16:15:00,2026-06-29 16:30:00,60172.5,59784.85,387.65,775.31,-387.65,2.0,3,SL,3491,59784.85,60947.81,0.27,10205.23,-103.08,103.08
LOSS,SELL,2026-06-29 16:50:00,2026-06-29 18:50:00,59339.5,59808.75,469.25,938.5,-469.25,2.0,24,SL,3519,59808.75,58401.0,0.22,10103.18,-102.05,102.05
LOSS,BUY,2026-06-29 20:10:00,2026-06-30 03:20:00,60353.0,59995.62,357.38,714.77,-357.38,2.0,85,SL,3620,59995.62,61067.77,0.28,10002.15,-101.03,101.03
LOSS,SELL,2026-06-30 03:40:00,2026-06-30 04:15:00,59669.8,59880.39,210.59,421.18,-210.59,2.0,7,SL,3631,59880.39,59248.62,0.47,9902.13,-100.02,100.02
WIN,SELL,2026-06-30 04:40:00,2026-06-30 08:10:00,59733.0,59280.24,226.38,452.76,452.76,2.0,42,TP,3678,59959.38,59280.24,0.44,10100.17,198.04,99.02
LOSS,SELL,2026-06-30 08:15:00,2026-06-30 08:40:00,59279.5,59466.53,187.03,374.07,-187.03,2.0,5,SL,3684,59466.53,58905.43,0.54,9999.17,-101.0,101.0
WIN,SELL,2026-06-30 10:05:00,2026-06-30 14:30:00,59384.5,59013.27,185.62,371.23,371.23,2.0,53,TP,3754,59570.12,59013.27,0.54,10199.15,199.98,99.99
WIN,SELL,2026-06-30 14:35:00,2026-06-30 15:20:00,59082.0,58759.43,161.28,322.57,322.57,2.0,9,TP,3764,59243.28,58759.43,0.63,10403.13,203.98,101.99
WIN,SELL,2026-06-30 15:25:00,2026-06-30 15:55:00,58747.0,58338.22,204.39,408.78,408.78,2.0,6,TP,3771,58951.39,58338.22,0.51,10611.2,208.06,104.03
LOSS,SELL,2026-06-30 16:00:00,2026-06-30 16:30:00,58356.0,58614.54,258.54,517.08,-258.54,2.0,6,SL,3778,58614.54,57838.92,0.41,10505.09,-106.11,106.11
LOSS,SELL,2026-06-30 16:35:00,2026-06-30 16:50:00,58248.0,58582.75,334.75,669.49,-334.75,2.0,3,SL,3782,58582.75,57578.51,0.31,10400.03,-105.05,105.05
LOSS,SELL,2026-06-30 17:50:00,2026-07-01 04:40:00,58380.0,58842.09,462.09,924.19,-462.09,2.0,129,SL,3923,58842.09,57455.81,0.23,10296.03,-104.0,104.0
LOSS,BUY,2026-07-01 05:45:00,2026-07-01 09:20:00,58964.0,58627.14,336.86,673.72,-336.86,2.0,43,SL,3979,58627.14,59637.72,0.31,10193.07,-102.96,102.96
LOSS,SELL,2026-07-01 10:00:00,2026-07-01 11:55:00,58581.5,58804.01,222.51,445.02,-222.51,2.0,23,SL,4010,58804.01,58136.48,0.46,10091.14,-101.93,101.93
LOSS,BUY,2026-07-01 12:55:00,2026-07-01 13:10:00,58852.75,58663.14,189.61,379.21,-189.61,2.0,3,SL,4025,58663.14,59231.96,0.53,9990.23,-100.91,100.91
WIN,SELL,2026-07-01 13:25:00,2026-07-01 15:40:00,58648.5,58282.62,182.94,365.88,365.88,2.0,27,TP,4055,58831.44,58282.62,0.55,10190.04,199.8,99.9
LOSS,SELL,2026-07-01 15:45:00,2026-07-01 16:00:00,58265.0,58475.43,210.43,420.86,-210.43,2.0,3,SL,4059,58475.43,57844.14,0.48,10088.14,-101.9,101.9
WIN,BUY,2026-07-01 16:50:00,2026-07-01 18:20:00,59324.0,60037.45,356.72,713.45,713.45,2.0,18,TP,4087,58967.28,60037.45,0.28,10289.9,201.76,100.88
LOSS,BUY,2026-07-01 18:25:00,2026-07-01 20:00:00,60233.0,59757.71,475.29,950.58,-475.29,2.0,19,SL,4107,59757.71,61183.58,0.22,10187.0,-102.9,102.9
WIN,BUY,2026-07-01 20:25:00,2026-07-02 00:30:00,60066.64,60626.79,280.07,560.15,560.15,2.0,48,TP,4160,59786.57,60626.79,0.36,10390.74,203.74,101.87
WIN,BUY,2026-07-02 00:35:00,2026-07-02 01:20:00,60643.0,61217.86,287.43,574.86,574.86,2.0,9,TP,4170,60355.57,61217.86,0.36,10598.55,207.81,103.91
WIN,BUY,2026-07-02 04:40:00,2026-07-02 06:35:00,60113.0,60652.57,269.79,539.57,539.57,2.0,23,TP,4233,59843.21,60652.57,0.39,10810.53,211.97,105.99
LOSS,BUY,2026-07-02 06:40:00,2026-07-02 08:45:00,60724.5,60452.85,271.65,543.3,-271.65,2.0,25,SL,4259,60452.85,61267.8,0.4,10702.42,-108.11,108.11
WIN,BUY,2026-07-02 11:35:00,2026-07-02 12:35:00,60393.0,60776.65,191.82,383.65,383.65,2.0,12,TP,4305,60201.18,60776.65,0.56,10916.47,214.05,107.02
WIN,BUY,2026-07-02 12:40:00,2026-07-02 15:50:00,60976.5,61518.72,271.11,542.22,542.22,2.0,38,TP,4344,60705.39,61518.72,0.4,11134.8,218.33,109.16
WIN,BUY,2026-07-02 15:55:00,2026-07-02 17:10:00,61458.0,62051.18,296.59,593.18,593.18,2.0,15,TP,4360,61161.41,62051.18,0.38,11357.49,222.7,111.35
LOSS,BUY,2026-07-02 20:05:00,2026-07-02 23:00:00,61664.87,61322.45,342.42,684.84,-342.42,2.0,35,SL,4430,61322.45,62349.71,0.33,11243.92,-113.57,113.57
LOSS,BUY,2026-07-03 00:55:00,2026-07-03 01:50:00,61510.53,61360.2,150.33,300.65,-150.33,2.0,11,SL,4463,61360.2,61811.18,0.75,11131.48,-112.44,112.44
LOSS,BUY,2026-07-03 02:50:00,2026-07-03 03:00:00,61496.0,61342.83,153.17,306.34,-153.17,2.0,2,SL,4477,61342.83,61802.34,0.73,11020.17,-111.31,111.31
LOSS,BUY,2026-07-03 04:20:00,2026-07-03 05:30:00,61516.0,61295.47,220.53,441.05,-220.53,2.0,14,SL,4507,61295.47,61957.05,0.5,10909.96,-110.2,110.2
WIN,BUY,2026-07-03 08:00:00,2026-07-03 11:40:00,61455.0,61815.96,180.48,360.96,360.96,2.0,44,TP,4581,61274.52,61815.96,0.6,11128.16,218.2,109.1
WIN,BUY,2026-07-03 13:30:00,2026-07-03 14:50:00,61671.5,62017.4,172.95,345.9,345.9,2.0,16,TP,4619,61498.55,62017.4,0.64,11350.73,222.56,111.28
LOSS,BUY,2026-07-03 14:55:00,2026-07-03 17:10:00,61932.5,61732.71,199.79,399.57,-199.79,2.0,27,SL,4647,61732.71,62332.07,0.57,11237.22,-113.51,113.51
LOSS,BUY,2026-07-03 17:50:00,2026-07-03 18:20:00,62178.5,61916.25,262.25,524.49,-262.25,2.0,6,SL,4661,61916.25,62702.99,0.43,11124.85,-112.37,112.37
WIN,BUY,2026-07-03 19:55:00,2026-07-03 23:15:00,62038.0,62440.99,201.5,402.99,402.99,2.0,40,TP,4720,61836.5,62440.99,0.55,11347.34,222.5,111.25
LOSS,BUY,2026-07-03 23:20:00,2026-07-04 04:25:00,62540.0,62341.9,198.1,396.21,-198.1,2.0,37,SL,4758,62341.9,62936.21,0.57,11233.87,-113.47,113.47
LOSS,BUY,2026-07-04 06:25:00,2026-07-04 08:55:00,62502.38,62392.83,109.55,219.1,-109.55,2.0,30,SL,4812,62392.83,62721.48,1.03,11121.53,-112.34,112.34
LOSS,BUY,2026-07-04 10:20:00,2026-07-04 10:30:00,62543.6,62433.33,110.27,220.53,-110.27,2.0,2,SL,4831,62433.33,62764.13,1.01,11010.32,-111.22,111.22
LOSS,BUY,2026-07-04 10:45:00,2026-07-04 12:05:00,62507.22,62392.14,115.08,230.17,-115.08,2.0,16,SL,4850,62392.14,62737.39,0.96,10900.21,-110.1,110.1
LOSS,BUY,2026-07-04 14:30:00,2026-07-04 14:45:00,62483.46,62402.01,81.45,162.89,-81.45,2.0,3,SL,4882,62402.01,62646.35,1.34,10791.21,-109.0,109.0
WIN,BUY,2026-07-04 15:00:00,2026-07-04 16:20:00,62482.53,62651.52,84.49,168.99,168.99,2.0,16,TP,4901,62398.04,62651.52,1.28,11007.03,215.82,107.91
LOSS,BUY,2026-07-04 16:25:00,2026-07-04 16:45:00,62584.02,62481.74,102.28,204.56,-102.28,2.0,4,SL,4906,62481.74,62788.58,1.08,10896.96,-110.07,110.07
WIN,BUY,2026-07-04 17:10:00,2026-07-04 18:05:00,62581.1,62785.43,102.16,204.33,204.33,2.0,11,TP,4922,62478.94,62785.43,1.07,11114.9,217.94,108.97
WIN,BUY,2026-07-04 18:10:00,2026-07-04 20:30:00,62744.3,63063.38,159.54,319.08,319.08,2.0,28,TP,4951,62584.76,63063.38,0.7,11337.2,222.3,111.15
LOSS,BUY,2026-07-04 20:50:00,2026-07-04 21:20:00,63270.7,63082.77,187.93,375.85,-187.93,2.0,6,SL,4961,63082.77,63646.55,0.6,11223.83,-113.37,113.37
LOSS,BUY,2026-07-04 22:25:00,2026-07-04 23:20:00,63285.47,63119.98,165.49,330.98,-165.49,2.0,11,SL,4985,63119.98,63616.45,0.68,11111.59,-112.24,112.24
